Latitude,Longitude,Traffic_Condition
40.72584887921568,-73.98013411315877,High
40.81326467769622,-73.96163054358502,Low
40.64111174659454,-73.82509533565383,High
40.87236437726417,-73.74020999668821,Low
40.73533093208594,-73.92847504458499,High
40.86982813220531,-73.81569064335004,Medium
40.65934012317005,-73.94228394775335,Medium
40.70454453650301,-73.72546494370914,Medium
40.76102610159575,-73.72598072831252,High
40.852932854711646,-73.81839546522251,High
40.84231055644127,-73.86010245731221,Medium
40.808622093881326,-73.90709838537566,High
40.86493733023654,-73.93477405871339,High
40.72162002112708,-73.92651739665672,High
40.60493438180482,-73.82265983986254,High
40.77657550408205,-73.9253519082006,High
40.77904564856941,-73.9153697466806,High
40.66581127909959,-73.9317444667102,Low
40.71949112588955,-73.71457187921199,Medium
40.6077147150711,-73.74091051056173,High
40.80727331843143,-73.76291287793829,Medium
40.60585272434706,-73.9270704487509,High
40.88183993299203,-73.86175519443653,Medium
40.74033136667603,-73.72334091861518,High
40.660805316937456,-73.9392899027632,High
40.61128866878144,-73.78038789238782,Medium
40.65045086555567,-73.91997052077336,Medium
40.81982193418787,-73.99188867138481,Medium
40.61902830437703,-73.81222325483307,Medium
40.604172426988185,-73.78721804292793,High
40.61464150121101,-73.9162090902754,High
40.73963061480012,-73.76915642635242,Low
40.6020411444645,-73.72803713052159,High
40.82460102873479,-73.94700368059605,Medium
40.78006709143015,-73.70977012548973,High
40.62438354696483,-73.83636932713796,High
40.75448044976164,-73.83741374492855,High
40.87158909447863,-73.84222009553561,High
40.85476923850565,-73.76940154061283,Low
40.7563257870674,-73.7457611769764,High
40.87189569744482,-73.8074601176375,High
40.688806743615,-73.83086504886768,High
40.76308976161143,-73.82898508445312,High
40.65094395526716,-73.88591958115752,High
40.71100208928359,-73.82523243128978,High
40.61363165493026,-73.92817683456873,High
40.61071229857482,-73.92618168010281,Medium
40.72469617331546,-73.80714114452498,High
40.847010976113765,-73.8149630518081,Medium
40.65357297573632,-73.96482698130414,High
40.685574228949285,-73.80071047074411,High
40.66735910030587,-73.76418156625269,Medium
40.610732309516905,-73.8342443681247,Low
40.61193716723241,-73.95897032302776,High
40.654733769341206,-73.93598287689458,High
40.83540283427936,-73.71753348231131,High
40.82030726373006,-73.9268208864546,Medium
40.8240655901009,-73.81023027616123,High
40.79154058875397,-73.852728609101,High
40.81976740725243,-73.93336065097682,High
40.81466948318317,-73.74435063240647,Medium
40.76451185273417,-73.85728617121421,High
40.75415427520275,-73.82998778362195,High
40.75755122403482,-73.76339537569068,Medium
40.7193716450031,-73.92128099387797,Medium
40.688613175607394,-73.71035361176921,Medium
40.88929348090294,-73.7244148080356,High
40.76769470755399,-73.83770000804759,High
40.70057906225182,-73.91990011477863,Medium
40.83133967014425,-73.91411730970982,High
40.88597923648784,-73.9112270780811,High
40.864521332949614,-73.91492442194708,High
40.64668777683828,-73.91539871140881,High
40.82420471745127,-73.78969819011647,High
40.87997425710821,-73.88741045922166,High
40.72911651767839,-73.81454238494108,High
40.73662232939193,-73.98053294054253,High
40.71524989297522,-73.90090081185213,High
40.7520184633004,-73.84023470259953,High
40.64638945968164,-73.95275371609294,Medium
40.76979533136373,-73.72295046161472,Medium
40.765934099252135,-73.73475965531435,High
40.89592354630844,-73.72538024194279,High
40.655484171153766,-73.8846207565471,High
40.78534474029862,-73.89711241237417,Low
40.6010032623149,-73.94100359533648,High
40.77391946492884,-73.809058692836,High
40.664952782013245,-73.84685606827613,Low
40.85691395167,-73.8859283162392,High
40.67604762239953,-73.94483016926381,High
40.792024393907575,-73.77278442604667,High
40.70503343310598,-73.91856430131237,High
40.85233556669608,-73.81984210660355,High
40.89882556707926,-73.71685852453243,Medium
40.734583007053615,-73.91597656622207,High
40.85669461632389,-73.72794314779327,High
40.62976497464042,-73.7023381850322,High
40.803947680179135,-73.87793826782561,High
40.63860779720655,-73.97860749745178,High
40.78102383341445,-73.90731491087938,High
40.67246320297326,-73.79894238769192,Medium
40.71446572032212,-73.71944550494564,Medium
40.62727447687213,-73.86453764484764,High
40.68089362838977,-73.79292834002077,High
40.64866380381176,-73.80818300886902,Low
40.837134030167626,-73.81238558902847,Medium
40.73223294300087,-73.99770572006942,Low
40.687226645148144,-73.79781935515392,Medium
40.71244472621255,-73.89079102412047,High
40.852553256927216,-73.74430800176435,High
40.60056248865906,-73.93261461321895,High
40.88641983282736,-73.8519376448615,Medium
40.74917510540101,-73.75937275497895,High
40.69790275783291,-73.78281996613143,High
40.723619549760784,-73.92353202007868,Medium
40.65904092867378,-73.91502052754713,High
40.833930189567006,-73.92428230349009,Medium
40.88083816483096,-73.94474964132515,High
40.80252042081781,-73.75370084862917,High
40.70389165487981,-73.98958316680701,High
40.78449803718888,-73.81374065147678,High
40.62718471888096,-73.87643696724618,High
40.76918477380323,-73.71368221411545,Medium
40.79792194259674,-73.75173292005367,Medium
40.88954792410096,-73.7993911790931,High
40.64246605877436,-73.99017612215738,Low
40.72680433166914,-73.76079661070548,High
40.79260201809419,-73.788822279025,Medium
40.843541262507856,-73.80318421866512,High
40.64735115012127,-73.79618727789126,Medium
40.71121165679582,-73.94260757044582,High
40.8269018493779,-73.87191496926269,High
40.62812895615419,-73.70852493961054,High
40.68478039848613,-73.90459163101832,High
40.70333742113242,-73.73919185399518,Low
40.85137259617015,-73.78636578737103,Low
40.86882893799653,-73.93979156476786,Low
40.72765570094919,-73.80330606019281,Medium
40.83033756022044,-73.72055132273978,High
40.86066707364362,-73.88734327471427,High
40.80126611443473,-73.92323343370185,Medium
40.68896683014666,-73.9784122476956,High
40.77937707349429,-73.93755084191584,High
40.72917785597036,-73.79403980002908,High
40.75500609631783,-73.96530103541085,High
40.77747211090417,-73.93142385650239,Medium
40.69562843088061,-73.9998037947583,High
40.67014792977992,-73.85579352074173,High
40.89606008008558,-73.92554217237902,Medium
40.831551743103766,-73.96454289016049,High
40.84925741636148,-73.97022384780495,High
40.71494808624668,-73.88334579470514,Medium
40.66848322087196,-73.89096892324649,Low
40.80566130559699,-73.79012030362709,High
40.844367363782204,-73.96025973230573,High
40.80582410389773,-73.91895150383762,Medium
40.79340776104436,-73.99578172177137,Medium
40.70591105969388,-73.82589770484185,High
40.85566884596685,-73.73350384733347,High
40.84465147915984,-73.86938204947644,Medium
40.83641823375124,-73.90727700509211,High
40.6302197233994,-73.73797177191179,High
40.65690922390134,-73.83090541276306,Medium
40.70594440566365,-73.88058877844348,High
40.69755422147493,-73.93674321136446,High
40.62320831017382,-73.94947326369825,Medium
40.82051354967848,-73.87354894559488,High
40.66059990225289,-73.89549729336103,High
40.69500026720996,-73.87465122773678,Medium
40.60569240115736,-73.92088562341861,High
40.68760567610356,-73.90254398754892,Medium
40.72192198066125,-73.98731393710894,Medium
40.70378078187798,-73.84662290200642,Medium
40.65416011678522,-73.76068504167353,High
40.75368226970722,-73.98602828469298,High
40.76650902894016,-73.73607490658105,Medium
40.602327718816895,-73.79393848971755,Medium
40.770302213023726,-73.79840904700907,Medium
40.81451743622895,-73.70906569608313,Medium
40.86073169807037,-73.79468390164962,High
40.89076297197471,-73.76901461902592,Low
40.628085382942224,-73.87431346135943,High
40.83172176536393,-73.93345440887045,Medium
40.837130784440646,-73.82366699821621,Medium
40.86266306934925,-73.74518410414322,Medium
40.74689321421302,-73.71284113052917,High
40.81822321763607,-73.84288380282645,Medium
40.835360190832816,-73.81893631878383,High
40.7000018426388,-73.90594283743684,High
40.78936852854029,-73.7759932283823,Medium
40.889328309952674,-73.79958947923105,High
40.70852383593896,-73.76765905398918,Medium
40.87353536968118,-73.81423142019064,Medium
40.652688068628606,-73.95320016218352,High
40.66998687179591,-73.89356847840281,Low
40.82621750337161,-73.7271587072007,High
40.67047508094416,-73.76612043391361,Low
40.63748848235746,-73.7593193875753,Medium
40.79566556727359,-73.92412496408903,High
40.71939279293553,-73.97310174960246,Medium
40.89372053740199,-73.83835664926171,High
40.75956567498493,-73.84256037978079,High
40.60162991543576,-73.76386969815056,Medium
40.79926832585717,-73.73100362924707,Medium
40.78819929363072,-73.76769654088007,Medium
40.84721009102459,-73.72868311266997,Medium
40.60689330784543,-73.81382808654256,Medium
40.63866518292633,-73.98392502023644,Medium
40.68269359877324,-73.8301745907258,High
40.71694142043171,-73.7317125954629,Medium
40.65211265267165,-73.8567629527003,High
40.73037656858976,-73.77175933437624,High
40.86328244261038,-73.74171413759721,Medium
40.65825492438487,-73.82703603743543,High
40.609600934581096,-73.77194214500652,High
40.756525747119404,-73.98797496260677,High
40.8291983952506,-73.97908419762156,High
40.8740037168508,-73.75020215072949,Medium
40.631328205293045,-73.76020649144203,High
40.73701008358658,-73.88162905323156,Medium
40.806207631770434,-73.93054682479472,High
40.62015715503368,-73.74576154917735,Medium
40.88297304715167,-73.94610346280244,High
40.836641396957006,-73.9098911785105,High
40.75600395061693,-73.91213656786574,Medium
40.81286740731948,-73.85546931700364,High
40.766135729370056,-73.75305804378999,High
40.75548575334792,-73.92886463676463,High
40.78615576591819,-73.78244649269564,Medium
40.79733823333567,-73.8477694273002,High
40.81915314461404,-73.77517343159742,High
40.72553245106102,-73.75018917043022,High
40.8516337757666,-73.90842955201028,Medium
40.679650569736445,-73.88927545993465,Medium
40.64080098477391,-73.76311306381098,High
40.8827537407201,-73.99273678690294,Medium
40.85955175832747,-73.86745619750388,High
40.8741623297485,-73.91525528227406,Medium
40.89933445684036,-73.8428312641178,Low
40.61857809668571,-73.76072934286779,High
40.79493761097051,-73.87740636960274,Medium
40.74480677038583,-73.85351675934308,High
40.87967864079603,-73.99785006285995,High
40.64471353248666,-73.92160770489052,Low
40.84699240892729,-73.73264753353509,High
40.72338242358338,-73.8227512918004,High
40.69262450623801,-73.77451443165508,High
40.89616078119616,-73.86755873305125,High
40.89193184700817,-73.933315000752,Medium
40.8614757897713,-73.92850591251171,High
40.77197013976901,-73.8041222952099,High
40.7877187735877,-73.83746260216384,High
40.61834256968096,-73.77821540373583,High
40.79351805383521,-73.96523721825622,High
40.80389073436222,-73.95202484174047,Medium
40.84284095356269,-73.86553514014527,High
40.894651440939086,-73.88716187144203,High
40.87846908431973,-73.88024670891035,High
40.79581634209416,-73.95963437602651,High
40.872988277787,-73.86982851771972,High
40.85832862931015,-73.77082697242463,Medium
40.6154295485996,-73.7391010394761,High
40.60629209715109,-73.86111653988281,Medium
40.856467884366,-73.71042776219446,High
40.83338654081727,-73.75264644301099,High
40.63122480364974,-73.73365670433036,Medium
40.67230904215474,-73.92027035303816,Medium
40.65594090250079,-73.83868788759182,High
40.87906225917924,-73.95424045034962,Medium
40.71146976195033,-73.7949419878387,High
40.71067845765839,-73.98322417941127,Medium
40.8110886266624,-73.75236363714404,High
40.78898870124191,-73.75533839412702,Medium
40.81215498437338,-73.91606367202208,Medium
40.76163559356406,-73.76269881182115,High
40.88099209647495,-73.77482608557469,High
40.60405663381709,-73.87579658177533,Medium
40.87465870340751,-73.92827801211743,Medium
40.665243968209786,-73.93908643566701,High
40.87940153602315,-73.91354371523784,High
40.899229155045,-73.9262069518096,Medium
40.75501300897276,-73.76217478760151,High
40.65673597734529,-73.96276124277679,Medium
40.757259438929545,-73.7068569257629,High
40.655578695436674,-73.85086093966117,Medium
40.75843704881223,-73.71042301599671,Medium
40.81103064749999,-73.9538631414511,High
40.76119745483987,-73.79901789011213,High
40.81344356109003,-73.94359704437859,Low
40.83244309425315,-73.81687655201911,Low
40.87991107225422,-73.93045393599964,High
40.85975254894065,-73.84078496117597,High
40.86139038592533,-73.78849195576656,High
40.698462102596,-73.81977991360395,Medium
40.85816997769211,-73.8073189136144,Low
40.72487856909571,-73.97396855110445,Low
40.6014557523548,-73.85919912627259,Medium
40.60195221310276,-73.87130039878106,High
40.79454055810585,-73.92529563630858,High
40.804774426673326,-73.78717007096809,High
40.84684452985381,-73.73249844362077,High
40.886882196166574,-73.88182509044559,Medium
40.768026984977375,-73.71358577057202,High
40.86266821645713,-73.74403979898919,High
40.89910822566684,-73.87850127998409,High
40.82217336549758,-73.95763283563582,Low
40.87615793668751,-73.77736117408239,Low
40.75887925151552,-73.8310129323916,Medium
40.79062353906832,-73.84486805804777,Medium
40.84441340773122,-73.94549862903268,High
40.700688372919146,-73.92329426991226,High
40.6749710516896,-73.86384988126255,Medium
40.88933833720355,-73.98549054014087,High
40.64286057258751,-73.773812745423,Low
40.7367751337832,-73.85028873181834,Medium
40.85476717271569,-73.82575276125864,High
40.8956085980905,-73.81464783265314,High
40.68514509153134,-73.84420502779437,High
40.78118353301078,-73.77459163495026,High
40.73829112224036,-73.72924803049241,Medium
40.63670706478636,-73.83572967317654,High
40.73505183424098,-73.72864068885886,High
40.768921979385766,-73.96202654120391,High
40.64034237002028,-73.88295485311716,High
40.87195773202552,-73.89894631833047,Medium
40.62377783332148,-73.97717795961213,Medium
40.70428062501187,-73.77179748636065,High
40.78986762260915,-73.83384554651319,High
40.89768152080602,-73.93573564667585,High
40.89887428173618,-73.85819669910704,Medium
40.81263701920643,-73.79659085258385,High
40.658657424494365,-73.80577908258569,High
40.77278255695631,-73.79543936972468,Medium
40.632497291850704,-73.85136982076381,Medium
40.86875172444248,-73.70855575065245,High
40.82247935915787,-73.76922263360525,Medium
40.844894980516486,-73.89533359283844,High
40.70109473395899,-73.89418412080107,Medium
40.74002890813159,-73.79713242280259,High
40.81359639773228,-73.70576023089356,Medium
40.72166243817537,-73.9055968100275,High
40.63189390941504,-73.96468660965951,High
40.68562752575925,-73.89762050839474,Medium
40.62380663147022,-73.83467877812674,High
40.62203649457511,-73.85509890650867,High
40.71788181367866,-73.96879308215702,High
40.82160648717457,-73.71746977618358,Medium
40.89878111900246,-73.94607259829415,High
40.72552071614336,-73.876710933692,Medium
40.79011160453892,-73.73120830062298,High
40.675317713904064,-73.98221369849769,High
40.75562183061587,-73.71985239060965,Medium
40.86348973600697,-73.80008298090193,High
40.80612890326185,-73.8846557311688,High
40.69861170518922,-73.98184325829097,High
40.864361943231046,-73.80391566551643,High
40.69002582942738,-73.87658938968819,High
40.77203064147281,-73.9159336510416,High
40.85359464636001,-73.73145702244616,Medium
40.61117196985873,-73.75683048860435,Medium
40.88331878875307,-73.86521863799709,Medium
40.80185050560048,-73.71734501599445,High
40.77251488341923,-73.97649591983645,Medium
40.77919684703632,-73.99946721955034,High
40.83690685256615,-73.79788951401098,High
40.76776330423,-73.9969270541742,High
40.62933818289407,-73.75862274354787,Medium
40.76559640634812,-73.88522742808715,High
40.63334623187082,-73.86370280156737,High
40.73615571487328,-73.71784694056169,High
40.85579389570727,-73.81933117389202,High
40.65506073315223,-73.77073642345064,Medium
40.69021094738231,-73.80491684707928,High
40.63939162120784,-73.7562217120961,High
40.77432472753477,-73.84819988529196,High
40.62917703139652,-73.8987924594031,High
40.70029613098153,-73.94909321400385,High
40.70880646855466,-73.71485414091815,High
40.8263608658539,-73.83995297984674,Low
40.72371660233022,-73.8438611291229,Medium
40.72753736018216,-73.70277437973043,Medium
40.813177659727984,-73.78188462280676,High
40.857986522081696,-73.84968741576812,High
40.76607435143836,-73.86258473289405,Medium
40.60804773588861,-73.99323106510674,High
40.676059714885824,-73.73100763961611,Low
40.875091786766895,-73.7945454205192,High
40.801899108832565,-73.9303913702631,High
40.890079031422495,-73.70270253253445,High
40.80047769471917,-73.99944023619592,Medium
40.855182613647,-73.76813928915283,High
40.83240045935292,-73.77514820050389,High
40.75015572806559,-73.86230076241728,High
40.69714910915793,-73.97034408327119,High
40.79191774939856,-73.90559947262193,High
40.82135845021414,-73.92771402542503,Medium
40.622699285615,-73.79263843091759,High
40.70293958658532,-73.97116053302418,High
40.73119756438589,-73.81226974733642,High
40.62582705649282,-73.77999968174802,High
40.61836685184375,-73.84126641370632,High
40.619599493369,-73.7579425332337,Medium
40.81737810889571,-73.88415881048114,Low
40.85791526620593,-73.79379406446039,High
40.84402508687753,-73.90583520430471,Medium
40.7272487365733,-73.72376729181502,Low
40.61234733211825,-73.87316958270843,High
40.8133502635069,-73.72376756365817,High
40.79812569322972,-73.72417588032324,High
40.87604439666125,-73.9794579340927,Low
40.824107980205554,-73.72376000187337,High
40.60858649688632,-73.86555030603269,High
40.72388495516402,-73.95055937419255,High
40.79177597918196,-73.91208658767478,High
40.78552003374974,-73.88555479518098,High
40.70184795546575,-73.7217872178154,Medium
40.63645262722918,-73.7849013171996,High
40.67151330288918,-73.99954822751512,Medium
40.89184004826723,-73.80722132591502,High
40.83567740939362,-73.92731454119105,High
40.64562840156567,-73.7662878632227,Medium
40.642759655403424,-73.8631259358634,High
40.73525708556679,-73.82400587757182,Low
40.8228609518373,-73.74764421740836,High
40.63041259956032,-73.80031292442902,Medium
40.85951846170887,-73.9503553009962,Medium
40.81730111245822,-73.87879434981254,High
40.75245057176142,-73.86695518590749,High
40.80866022676906,-73.71545913137608,High
40.84998683449376,-73.7461230766794,High
40.72285749352322,-73.77319580373299,Low
40.86944697671473,-73.76130188881524,High
40.61886345646151,-73.97937624734638,High
40.71390885723423,-73.95158646806127,High
40.86575678147767,-73.73833346276695,High
40.6280712675342,-73.78187113420225,High
40.68830734177908,-73.86006347817236,High
40.641966109371786,-73.9735820167508,Low
40.89706906111076,-73.99060624820837,Low
40.89724996975653,-73.71275437650954,Medium
40.64939005743751,-73.74041848944861,Medium
40.70462906588581,-73.9299292893669,Medium
40.622051888909766,-73.98163412174598,High
40.71513367923077,-73.865091250736,High
40.80793883325915,-73.94245449675239,High
40.613144850997294,-73.90172888086603,Medium
40.87710389068063,-73.94276978540702,High
40.828314455034345,-73.88330565619658,Low
40.75707747726687,-73.96806274681322,High
40.614657840781405,-73.90477837504582,High
40.78580341858248,-73.81121620465008,Low
40.6626216138871,-73.7588800103126,High
40.87122581142177,-73.77148710788158,Medium
40.701757272610415,-73.83312805129269,High
40.64718070363881,-73.83767851541215,High
40.718674739768296,-73.7104149915435,High
40.89527839670869,-73.77029265223426,High
40.74906570791195,-73.92778560872145,Medium
40.72202902371173,-73.84854581450486,High
40.62458431008263,-73.89190997110104,Medium
40.64752069046079,-73.85095072612852,High
40.81342350796267,-73.90052096369102,High
40.75753900071726,-73.94302084139306,Medium
40.86602053616173,-73.87407081251573,High
40.80168387828477,-73.92887087347599,Medium
40.60729196356125,-73.96650068972728,Medium
40.73707637307749,-73.96831690859439,High
40.85818097116312,-73.95584401030501,Medium
40.76789013333426,-73.82672979613162,Low
40.77211761933543,-73.82261865188835,High
40.694278807058375,-73.88730749945061,High
40.7360117727666,-73.92185845522353,High
40.82651819106768,-73.70858640833242,Medium
40.74638966050939,-73.77637567522929,High
40.79289835674261,-73.94094710522496,Medium
40.74473768843456,-73.80423029032642,Medium
40.865325272295394,-73.76726706373088,Medium
40.81717207819173,-73.71787613338262,High
40.79850410384516,-73.97852655522297,High
40.75785407106726,-73.81269904172913,High
40.80415157194479,-73.9190168739586,High
40.648265917125606,-73.87369539374613,High
40.8673713630884,-73.8797117972895,Medium
40.82068645739301,-73.86023403604068,High
40.69903388900463,-73.86767755530333,Medium
40.62135813633733,-73.92521896768156,High
40.74801916720122,-73.90872717953395,High
40.77249594563952,-73.76747173829092,Medium
40.67723525311212,-73.90338725293181,High
40.80735806942852,-73.70920193982315,Medium
40.80008749451984,-73.86882707696441,Medium
40.68988259970486,-73.93008769549063,Medium
40.72723209757508,-73.77160725561995,Medium
40.80576215946747,-73.89203102979386,High
40.77608774157426,-73.95485933450372,Medium
40.87269915893537,-73.7759854636966,Medium
40.60789544060457,-73.76711213153509,High
40.86932667348689,-73.74423846108827,High
40.83542779051344,-73.79073029709892,High
40.73553392950221,-73.74369664042787,High
40.80202479482123,-73.89029692798591,High
40.89310215679237,-73.81548319833806,Medium
40.78749666926877,-73.73043880742388,High
40.663134432583405,-73.96830308307644,Medium
40.74201624424053,-73.95645413510721,High
40.76770036024797,-73.99096028551294,High
40.87156651920698,-73.98842413131314,High
40.85602094580285,-73.7651606993671,Medium
40.85083352951609,-73.75831761335047,High
40.865679115049886,-73.80532188903516,Medium
40.835882225031966,-73.85983931479609,High
40.71153649205214,-73.76171431017966,Medium
40.86880953532349,-73.96533212104924,Medium
40.69552059511047,-73.95397223297088,Medium
40.61731778175903,-73.99838388514044,Medium
40.83869499635247,-73.95446696422408,High
40.78668882262306,-73.75494244402316,Medium
40.76791575295861,-73.90889241543285,High
40.766933465206606,-73.96974996438236,High
40.69751064235824,-73.98133904791803,High
40.74264639878268,-73.89085354655658,High
40.62927977713327,-73.87571232457026,High
40.66031970778352,-73.90230790378307,High
40.8990328244028,-73.8257982930886,High
40.64786769613303,-73.72433562848683,Low
40.84961205013995,-73.98715953946973,High
40.74853571212082,-73.94759876566773,Low
40.78769795432024,-73.83572460651844,Medium
40.69983565892632,-73.85317646507204,High
40.87814054964407,-73.76483464043997,Medium
40.8951483670558,-73.77356772651223,High
40.741703461755584,-73.78004319445195,High
40.72156588865586,-73.74426111610063,Medium
40.80292292243248,-73.88541049059508,High
40.70352202133785,-73.95577597813741,High
40.75765438265115,-73.73963689895099,High
40.62058281211914,-73.87070910152366,High
40.68110007307583,-73.85242518919412,Medium
40.67361139034944,-73.77052394211758,Medium
40.71830766599543,-73.73226231786279,Medium
40.86626504424503,-73.77992433280174,High
40.62409261294967,-73.96120239327472,High
40.83893172202789,-73.73630966730413,Medium
40.79093073813463,-73.76568495652887,High
40.816796584076734,-73.87409864021309,High
40.74515127257177,-73.74903977976587,Medium
40.6311294336513,-73.75312595106345,High
40.84623767402845,-73.73454257053042,High
40.73456748945791,-73.819911719649,Medium
40.608427563084,-73.81856238827608,High
40.65729381344027,-73.8455781856131,High
40.60398305685386,-73.94297323578925,High
40.86209388889864,-73.86450563222945,High
40.88382602527073,-73.984805235873,High
40.84721831312128,-73.72153906668062,High
40.733766647305394,-73.9522820480043,High
40.709840230820944,-73.7614368007866,High
40.766395521244654,-73.93021432623156,High
40.664717717615794,-73.90166485357634,High
40.74540892149371,-73.92594378922941,High
40.78231083713263,-73.85710473863179,High
40.72114546449378,-73.99000257759793,Medium
40.65072775006977,-73.86799436933399,High
40.710269187175925,-73.94014636075387,High
40.6679836840084,-73.70447921997967,Medium
40.88560508059868,-73.79873486350589,Low
40.722905300485024,-73.81564910549334,High
40.77395750519752,-73.97307859105992,High
40.64192334930297,-73.75664063327046,High
40.78525576523228,-73.87237405741843,High
40.68849911930266,-73.78803419354526,High
40.65025072016663,-73.75353874671332,High
40.66182190843716,-73.9694114974911,Medium
40.69412489872959,-73.91299169942057,Medium
40.70192959648453,-73.85990454293159,High
40.86657202829519,-73.75902364929979,High
40.75534959016221,-73.99604796411947,High
40.73949820373017,-73.76002881765565,High
40.86644276981541,-73.8974222245519,Medium
40.69715919930169,-73.97171198464721,Medium
40.65445120433618,-73.70046051416563,Medium
40.64160213852428,-73.995905276702,High
40.69602528088542,-73.9986734908338,Low
40.70404123907895,-73.74277389140705,Medium
40.88588300904749,-73.79655334131806,High
40.797929471302304,-73.75152313254452,High
40.6217130711795,-73.77562055856036,High
40.69952403790625,-73.75371818584402,High
40.639679449258416,-73.7410600306579,High
40.88925376977316,-73.93284224586435,Medium
40.76603997198594,-73.97863349645324,High
40.893257514554975,-73.77774648389956,Low
40.62760025467448,-73.74710389725819,Medium
40.6415992200004,-73.73105873921642,Medium
40.81931138488154,-73.7828802149373,High
40.75942248319173,-73.78304813842479,Medium
40.64601965715065,-73.99093490489646,High
40.81512994741016,-73.95392880609043,High
40.78924059138437,-73.87470163297593,High
40.72939731976957,-73.70024643785092,High
40.6568419256025,-73.77819842934765,Medium
40.63883430769645,-73.81094799269952,High
40.612468082650906,-73.86510260927814,High
40.759143660223934,-73.76124825774335,Medium
40.7264406471046,-73.92477409106937,Medium
40.84325386466249,-73.85496759190575,High
40.60962569461092,-73.96643144905133,Medium
40.89033216584371,-73.78873026423847,High
40.80774848017981,-73.75984213664827,High
40.6520651211259,-73.86667485924269,High
40.732317804401255,-73.81479880685526,Medium
40.73409968284872,-73.89848281362468,Medium
40.66762498326098,-73.97481501251842,High
40.88485516475669,-73.90318678161877,Low
40.85235156981287,-73.79610127043397,High
40.74199366058471,-73.9139000170316,Medium
40.72430966963472,-73.72403052093688,Medium
40.64596418939164,-73.75799292757054,Low
40.699049190329305,-73.90892972228772,High
40.72205553481834,-73.72978423168587,High
40.73592688737424,-73.7194473667668,Medium
40.71307078007155,-73.83224426254685,Medium
40.61293517906788,-73.90827530870298,High
40.7659108690631,-73.74354327409404,Medium
40.81536475574541,-73.91383592797821,Medium
40.70010097514771,-73.71264567533562,Medium
40.69962551406938,-73.8085299343248,High
40.606867658686106,-73.78944319002923,Medium
40.71381006273008,-73.863645693917,Medium
40.82654062258864,-73.89004817113806,Medium
40.66911555888832,-73.773116808263,High
40.63148685365535,-73.8691534149279,Medium
40.64191627269904,-73.8055053451951,High
40.79564885375846,-73.86514123935518,High
40.78498331331833,-73.7626843902449,High
40.82647705095521,-73.98646063080733,Low
40.816204088652,-73.95533026019392,High
40.74076986334773,-73.88494895590466,Medium
40.838073849709474,-73.80991647703445,High
40.69222828014824,-73.88874420474494,Medium
40.87626759617638,-73.82064871880225,Low
40.81066235117184,-73.7823002259444,High
40.752955240587,-73.83077080352861,High
40.60321077256916,-73.85994150933787,Low
40.80483107346762,-73.90680201314824,High
40.61404061070702,-73.8736085721991,Medium
40.72018849097813,-73.70379210971166,Medium
40.89718988766938,-73.76256763508793,High
40.61226828125638,-73.75375594425,Medium
40.74880355393822,-73.76222790714752,High
40.64165302090445,-73.71173994894075,High
40.758343470744165,-73.74346435856623,Medium
40.60485990742153,-73.808782128968,High
40.66072513243351,-73.83505424743069,High
40.62611509554135,-73.81399641956901,Low
40.77640130770607,-73.70659933640516,High
40.67739508832835,-73.7660225027409,High
40.78150516538566,-73.94593682578359,High
40.88391047374055,-73.7247654247384,High
40.805104409566745,-73.80667321016112,Medium
40.89450551386186,-73.96347707199419,High
40.842572861814006,-73.82462623801358,High
40.72295201301223,-73.88550719526943,High
40.807330311588686,-73.95703003393137,Medium
40.841391187156766,-73.82106208157194,High
40.81915906182229,-73.95284070186312,High
40.63878871932539,-73.88816951119657,Low
40.60531473391517,-73.9888385771266,High
40.79884387804372,-73.8981767958386,High
40.7200458438549,-73.84166940985652,Medium
40.67726173841941,-73.87320108816628,Medium
40.89349614067172,-73.84773737452234,Medium
40.638418798943015,-73.84020755521355,High
40.766261422077896,-73.72830159343714,High
40.67747685975951,-73.7296763282567,Medium
40.70009446254205,-73.82300479569304,High
40.67358722651304,-73.7394671035546,Medium
40.8729113643364,-73.83582606962956,High
40.71763832219551,-73.77947502964646,High
40.82656867209078,-73.78329123701319,High
40.87174063090985,-73.74130322943591,Medium
40.75760502737014,-73.8289057276837,High
40.78643296729378,-73.9303311731169,Low
40.77968852157409,-73.76795837661788,High
40.86048139850681,-73.96154189346989,High
40.808802384368185,-73.75469809789439,High
40.80975839188782,-73.97760198402709,High
40.720872770421984,-73.81311056242613,Low
40.81247450855494,-73.73697639583385,High
40.6924743104083,-73.82394683936793,High
40.71121136437906,-73.82714371549424,Low
40.64062231334516,-73.84277310426786,High
40.74520397812103,-73.88130288982632,High
40.84349009611794,-73.77853314328149,Medium
40.61066641308264,-73.81117015453427,Medium
40.67476464385037,-73.89758101819972,High
40.76981222077215,-73.80990963600873,High
40.87799289063572,-73.8856211804667,Medium
40.672499483893375,-73.756848484206,High
40.679210419660585,-73.91235766053545,High
40.70921221910912,-73.81714900883291,High
40.64728165677929,-73.9375888715756,Medium
40.67382469543024,-73.7208423251783,Low
40.6861872427549,-73.87136004092581,Medium
40.88984442529188,-73.89272863578138,High
40.75868387258284,-73.78747744944489,High
40.82346718244696,-73.80158049110719,High
40.87936450199965,-73.79454589568127,Medium
40.70508710677387,-73.7108943896916,High
40.79043297437304,-73.73217633460834,High
40.73557170448203,-73.79783762212196,Medium
40.68846216182498,-73.95886633528467,High
40.87526589778319,-73.77406406235254,High
40.787280402266205,-73.74238898937037,High
40.80416598810585,-73.76154224862026,High
40.80619610368198,-73.74721233343087,Medium
40.60062102705741,-73.9588001587113,High
40.7936926827538,-73.96966210530324,Medium
40.68459364872144,-73.95036406169918,Medium
40.77722566609401,-73.92333715625081,High
40.89591468630929,-73.91706277718524,High
40.60653358967136,-73.89143332181416,High
40.67114114077588,-73.82315609504465,High
40.78862181261153,-73.74490546990363,Low
40.66835835662784,-73.9371156265923,High
40.63802420973828,-73.93875288564232,Medium
40.737047810969216,-73.86403446806963,High
40.85942946625772,-73.91742890036764,Medium
40.894530537808585,-73.9470425055026,Medium
40.60737635091614,-73.70694774635959,Medium
40.85905626759373,-73.73989367544908,Medium
40.81452921040902,-73.72367771967446,Low
40.61223366284652,-73.71744103565808,High
40.60296074852006,-73.73938385034678,Medium
40.72252389136256,-73.83776333127213,Low
40.87338623549103,-73.73244381432545,High
40.70501066048036,-73.71692872059428,Medium
40.80495942243729,-73.8286204261943,High
40.86916604584376,-73.8785519541419,Medium
40.87247685975911,-73.85805870799473,Medium
40.771641319298986,-73.97705383502156,High
40.6590311533535,-73.9193877188603,High
40.69179951972243,-73.72091154497517,High
40.87384206203145,-73.7975894481327,High
40.82953495051,-73.75513963917618,High
40.756398092528144,-73.75102016677182,Medium
40.76396863904441,-73.80314200260315,High
40.830401014867526,-73.95629262965365,Medium
40.84516812520013,-73.7140011413393,Medium
40.74020890731595,-73.87085914782445,High
40.66379878378622,-73.85855176499143,High
40.65888363014473,-73.95288413395572,High
40.67789480715057,-73.73654811688488,High
40.744255272324246,-73.90434114515801,High
40.777830377400406,-73.9371239771694,High
40.80561095409045,-73.71881867065916,High
40.629128666820776,-73.93703318981349,High
40.63785904399186,-73.8875970539272,Low
40.73721745691634,-73.81536201080169,Medium
40.86424480321635,-73.71040625446783,High
40.69312860710544,-73.89107422647163,High
40.70237057031727,-73.79200157587752,Medium
40.80426459855996,-73.99510080545343,Medium
40.767544107643545,-73.70988203468508,Low
40.714416195331545,-73.8022359240875,High
40.63466978899139,-73.87769991047786,Medium
40.70726838804936,-73.77693765740223,Medium
40.60148364440857,-73.99922360684103,High
40.66756564415496,-73.95360283333525,Medium
40.85079165780367,-73.88712367464379,High
40.82819690337448,-73.77846220583542,High
40.62642808345284,-73.89148808016093,Low
40.60598591544941,-73.79602064469587,Low
40.71803320360284,-73.97339170834235,High
40.77818789788462,-73.71628383766016,High
40.809706236305104,-73.82431245450381,High
40.72811039675629,-73.8802812373324,Medium
40.67082196537393,-73.8717673114915,High
40.85342865855558,-73.98295858039594,High
40.76203088096766,-73.90543855367447,High
40.75068159263763,-73.80116869838162,High
40.74163474495766,-73.98409866819667,High
40.76700913099853,-73.98997434710355,High
40.80144758255038,-73.99358677689345,Medium
40.84018936248613,-73.8830450731887,Medium
40.72942712235324,-73.80455554690651,High
40.67444829003716,-73.75408626445099,High
40.88092559075655,-73.84261175870779,Medium
40.81539353276104,-73.9710140688513,High
40.82349503999804,-73.92720402766459,Medium
40.68694757569581,-73.76889586269326,High
40.76804147466388,-73.71815446676831,High
40.89331381573003,-73.75231358509423,High
40.650190520119686,-73.96265627440397,Medium
40.722556847926455,-73.71023432633746,Medium
40.7699202951902,-73.97540364166733,High
40.77689657919192,-73.916760018524,Low
40.74692082244686,-73.7269279045156,High
40.821337921080605,-73.89948110006652,Medium
40.75715730714603,-73.74444826260124,High
40.89589879314646,-73.75245063388175,High
40.80816578523293,-73.89593970270523,Medium
40.66787034871432,-73.76959229633322,High
40.79792030972076,-73.98881774065768,High
40.62933102075074,-73.88699274505841,High
40.74890578364277,-73.75248858887288,Medium
40.64849709774935,-73.84592875581501,Medium
40.65210533558498,-73.73558372448899,High
40.890579065820326,-73.92299378372697,Medium
40.68280312530634,-73.7806552454957,High
40.66591930497013,-73.97110361620655,Medium
40.85393869040813,-73.82466901694985,High
40.7764479690198,-73.79233613210982,Medium
40.84720868681142,-73.85290163554401,Low
40.72500364708246,-73.97050487892278,High
40.64154992263973,-73.8423287034784,High
40.79280798906766,-73.7056202953469,High
40.65893475527824,-73.93450064884296,High
40.641516707644406,-73.9405567834103,High
40.779389091019,-73.95056305730182,Medium
40.67505043188698,-73.81538687141925,High
40.80182448352892,-73.75819318143456,Medium
40.683584201501056,-73.95667548750943,Medium
40.64412362769138,-73.73672683706243,High
40.82603132501592,-73.82354746005456,High
40.61776363755735,-73.72691780906541,High
40.634293695388976,-73.71206058136768,High
40.66499217787173,-73.74846126962234,High
40.760403364566685,-73.94147751488002,High
40.8770552955514,-73.92566631100476,High
40.68033170476988,-73.7536457727185,Medium
40.6581633228998,-73.85122525037386,High
40.899700782304905,-73.99901383960034,High
40.81877612360597,-73.7460961510981,High
40.84293955280011,-73.72138791191462,Medium
40.80072688001741,-73.93413126224524,High
40.70553974036024,-73.97050891481952,High
40.74271792137516,-73.8167589366223,High
40.86302631365065,-73.88404662714143,High
40.82913844966684,-73.95219876884217,High
40.79941338540859,-73.77287159984402,High
40.69950658295164,-73.76036096846548,Medium
40.80100157657755,-73.85444130603038,High
40.83959097022582,-73.72984115894783,Medium
40.6598904008737,-73.71035368231722,Low
40.68003595015176,-73.84711559003345,High
40.79468382948717,-73.88776558107386,High
40.73308038695434,-73.8827291045408,Low
40.78497375340044,-73.85207934188163,High
40.8613610815033,-73.7705371678777,Medium
40.80839645889873,-73.87411528803204,Medium
40.84412630539745,-73.93107592351396,High
40.68481486284775,-73.78996198717482,Medium
40.81919118928773,-73.97429187925597,High
40.67813102404218,-73.7211387368594,High
40.880907289992,-73.7977770345421,Medium
40.88235784101571,-73.8567893070024,Medium
40.81708874823625,-73.7200218948752,Low
40.89662699789801,-73.86607903294927,High
40.7558783734038,-73.99655314684226,High
40.746537483756256,-73.76056234647895,High
40.70843570725976,-73.74751111985971,High
40.82179063744864,-73.75437942569224,Medium
40.802385929653575,-73.84323383392197,Medium
40.79016894993365,-73.8229996963634,Medium
40.80980720916416,-73.97813478385275,Medium
40.62332585022215,-73.98871333082741,High
40.75440352608505,-73.85288886827851,High
40.76894992923363,-73.85020461469566,High
40.67522994226013,-73.80968018322096,High
40.82994043642384,-73.95446200180079,Medium
40.80224386124018,-73.90807437897858,Low
40.79095255019144,-73.75922099275611,High
40.81681819159906,-73.82640433525556,Low
40.64867916981044,-73.78568963867085,High
40.614880159904885,-73.7753185534177,High
40.75561330826339,-73.88954818453932,High
40.84628137600762,-73.8583339541076,Medium
40.73474342612778,-73.9323406162089,High
40.87285701067828,-73.91164677606328,High
40.7946244128797,-73.79634444329041,Low
40.741800135821215,-73.9294941249653,Low
40.78968982217517,-73.81726737278458,High
40.60701647817245,-73.79929030392258,Medium
40.689949483232034,-73.82247816437564,High
40.86368130841882,-73.97379652552702,High
40.692885401222775,-73.84350955462097,Medium
40.87059507603797,-73.75105889904255,High
40.79788283550064,-73.80306129309595,High
40.857380762597,-73.97098622241133,Medium
40.81619673164758,-73.9479538153475,Medium
40.889925462656265,-73.89236216492122,High
40.73941666504301,-73.98021350612241,Low
40.72834724007113,-73.93490552437994,High
40.79108354099886,-73.78252952994119,High
40.89141071433761,-73.81616324033126,High
40.706277805963424,-73.78194473401747,Medium
40.67125500260909,-73.72750251401986,Medium
40.84851870914999,-73.81249961245312,High
40.851515759249565,-73.81122303775841,Medium
40.815564988112726,-73.89370837765756,Medium
40.75030335820418,-73.82608242184793,High
40.80441071850104,-73.71651244510512,High
40.78877247983284,-73.94586875914106,Low
40.657727701134455,-73.99045290500838,High
40.677300545880506,-73.81767579667981,Medium
40.74520446331364,-73.91254087714117,High
40.64485008290991,-73.76248417687653,High
40.82129020862622,-73.72363145541557,High
40.70346535853533,-73.973679993147,High
40.633839410443066,-73.95526413945859,Medium
40.66752855727186,-73.85038036202027,Medium
40.86124118136888,-73.9507747693811,Low
40.64690450643874,-73.85999686553866,Medium
40.73946295088868,-73.85048268818343,High
40.63176879443076,-73.86404897703191,High
40.81018171478993,-73.95658694855273,Low
40.84845395270378,-73.96243674689525,Medium
40.63868990997261,-73.72892216895555,Medium
40.81441134233825,-73.99125637270491,Medium
40.77367851314019,-73.94443571704748,High
40.86005026131278,-73.77602642520738,Low
40.87042520882082,-73.77951359545447,High
40.82159292672695,-73.9217397771606,High
40.70967261072145,-73.83307364220485,High
40.86775000781135,-73.73154039901353,High
40.85531419010623,-73.75481916911986,High
40.71499997727866,-73.76411510052829,High
40.71448728403791,-73.81265354760592,High
40.71106996907454,-73.79563872024141,High
40.66676129822441,-73.72807744559059,High
40.77141884760389,-73.71760091892891,High
40.88136495188283,-73.74941781751531,Medium
40.70329849889525,-73.7694181071432,High
40.820224293275615,-73.91737417531596,High
40.78401106637856,-73.77077585633937,High
40.82312525416292,-73.84610540496817,Medium
40.836523587014085,-73.95715942218784,High
40.7031996878714,-73.9562743515109,High
40.8021054064612,-73.73001738300809,High
40.61571682492914,-73.95965521908661,High
40.78802239527213,-73.89665086620266,High
40.867821882387375,-73.79911220295661,Medium
40.79633799160754,-73.758055988893,High
40.85348745708414,-73.84578835991702,Low
40.65597804600336,-73.83647166319933,Medium
40.66794337691592,-73.81938863565146,High
40.74940948223512,-73.92072844792989,High
40.71465881374336,-73.74761574676684,High
40.7093079452112,-73.79457551244245,High
40.66374329459006,-73.92086501437588,High
40.6527963169557,-73.96391832578546,High
40.86169559395147,-73.83220208853473,High
40.84284764805173,-73.80493836716612,High
40.765267102368846,-73.80518717870137,High
40.883490072693526,-73.90317092449438,High
40.63987510340202,-73.82058283913867,High
40.69682858587226,-73.968385260245,Medium
40.86618084690771,-73.73519383270845,High
40.88323127128056,-73.82079716307814,High
40.675654670453504,-73.9211052574449,High
40.64997796283013,-73.93073593989557,High
40.74773612115537,-73.95481895680162,High
40.6864459985696,-73.90701804530606,High
40.8363302586871,-73.97909308608723,High
40.79304322864651,-73.77347707633874,Medium
40.61261604523557,-73.92640180327994,High
40.72288169052798,-73.90292856634096,High
40.720156764107706,-73.90264779805133,High
40.62556810192707,-73.71817825784326,Medium
40.82909657054229,-73.90547672052479,Medium
40.8556396492625,-73.87493875528598,High
40.66781153879981,-73.73086870258874,Medium
40.63646139194956,-73.80168492696639,Medium
40.67391434708726,-73.87778211756772,High
40.60340082174992,-73.71196691189039,Medium
40.72015974662539,-73.94458446378445,Medium
40.68372939298636,-73.85173536936232,High
40.61428836269479,-73.80310132132436,High
40.6240781073268,-73.81976443745677,High
40.82149684963014,-73.71380744904535,Medium
40.80089249471612,-73.8573539626561,Medium
40.73083898018741,-73.91864459951472,High
40.87209952472978,-73.76945553884487,High
40.61816526260771,-73.90732771253157,Medium
40.67940702018533,-73.8492199260751,High
40.70132892567313,-73.96045284168241,Medium
40.89679292188493,-73.88576182987092,High
40.61754142811296,-73.91119164654826,High
40.65683542653712,-73.79266946701985,Medium
40.887702733928975,-73.99968484470354,High
40.69915896785064,-73.70383123768761,High
40.89971377665179,-73.98222565190616,Medium
40.67716740582579,-73.81056173506718,High
40.79342490514044,-73.77979057814422,High
40.8399970981123,-73.9971414110744,High
40.75899852585641,-73.9310545326073,Medium
40.63833789641649,-73.94055135765397,High
40.71467482674719,-73.93566514045965,High
40.68274957732925,-73.75924756550191,Low
